input_text,target_text,prompt1,prompt2,prompt3
"Background: Muscle cramp is a painful, involuntary muscle contraction, and that occurs during or following exercise is referred to as exercise-associated muscle cramp (EAMC). The causes of EAMC are likely to be multifactorial, but dehydration and electrolytes deficits are considered to be factors. This study tested the hypothesis that post-exercise muscle cramp susceptibility would be increased with spring water ingestion, but reduced with oral rehydration solution (ORS) ingestion during exercise. Methods: Ten men performed downhill running (DHR) in the heat (35-36 °C) for 40-60 min to reduce 1.5-2% of their body mass in two conditions (spring water vs ORS) in a cross-over design. The body mass was measured at 20 min and every 10 min thereafter during DHR, and 30 min post-DHR. The participants ingested either spring water or ORS for the body mass loss in each period. The two conditions were counter-balanced among the participants and separated by a week. Calf muscle cramp susceptibility was assessed by a threshold frequency (TF) of an electrical train stimulation to induce cramp before, immediately after, 30 and 65 min post-DHR. Blood samples were taken before, immediately after and 65 min after DHR to measure serum sodium, potassium, magnesium and chroride concentrations, hematocrit (Hct), hemoglobin (Hb), and serum osmolarity. Changes in these varaibles over time were compared between conditions by two-way repeated measures of analysis of variance. Results: The average (±SD) baseline TF (25.6 ± 0.7 Hz) was the same between conditions. TF decreased 3.8 ± 2.7 to 4.5 ± 1.7 Hz from the baseline value immediately to 65 min post-DHR for the spring water condition, but increased 6.5 ± 4.9 to 13.6 ± 6.0 Hz in the same time period for the ORS condition (P < 0.05). Hct and Hb did not change significantly (P > 0.05) for both conditions, but osmolarity decreased (P < 0.05) only for the spring water condition. Serum sodium and chloride concentrations decreased (< 2%) at immediately post-DHR for the spring water condition only (P < 0.05). Conclusions: These results suggest that ORS intake during exercise decreased muscle cramp susceptibility. It was concluded that ingesting ORS appeared to be effective for preventing EAMC.","Muscle cramps are unconscious contractions of muscles that are painful. When they happen during or after excercise, they are called Exercise-Associated Muscle Cramps (EAMC). There are probably many causes of EAMC, but dehydration and lack of electrolytes (mineral salts dissolved in the blood) are thought to play roles. This study tested whether drinking a special drink called Oral Rehydration Solution (ORS) while exercising made Exercise-Associated Muscle Cramps less likely than drinking spring water. Ten men ran downhill in hot conditions for 40-60 minutes, drinking either spring water or ORS. Their weights were measured 20 minutes into the exercise, then every 10 minutes, and then 30 minutes after the exercise was completed. After each measurement, the men drank enough of either the spring water or ORS to make up for the weight they lost. We did the experiment twice, a week apart, so that each person tried both drinks. We balanced which order they tried the drinks in.   Muscle cramps were easier to induce in participants who had drunk spring water than in participants who had drunk ORS. Some electrolytes in the blood decreased for participants who were drinking only spring water. The study showed that the drinking ORS (Oral Rehydration Solution) during exercise made muscle cramps less likely.","Muscle cramps, those painful muscle contractions, can happen during or after exercise and are known as exercise-associated muscle cramps (EAMC). EAMC can be caused by various factors, but dehydration and lack of important minerals in the body, like electrolytes, are believed to play a role.

In this study, ten men did downhill running in hot weather to lose about 1.5-2% of their body weight. They did this in two different conditions: one time drinking spring water and another time drinking an oral rehydration solution (ORS). The researchers wanted to see how likely the men were to get muscle cramps in these two situations.

The men's body weight was measured several times during the exercise and after it. They drank either spring water or ORS to replace the lost weight in each condition. They also had their calf muscle cramp susceptibility tested by using electrical stimulation before, right after, and at two later times after the exercise. Blood samples were taken to check the levels of sodium, potassium, magnesium, chloride, hematocrit (Hct), hemoglobin (Hb), and serum osmolarity.

The results showed that the chances of getting muscle cramps were lower when the men drank ORS during exercise compared to when they drank spring water. This suggests that drinking ORS might help prevent EAMC.","This study looked into why exercise-associated muscle cramps (EAMC) happen and whether drinking different fluids during exercise affects cramp susceptibility. Muscle cramps are painful muscle contractions that can occur during or after exercise. Some factors that might cause EAMC include dehydration and a lack of electrolytes in the body.

Here's what they did: Ten men ran downhill in hot weather to lose a bit of body weight (about 1.5-2%) through sweating. They did this in two different conditions: one where they drank spring water and another where they drank an oral rehydration solution (ORS). They measured their body weight during the run and for a while afterward. They also checked how prone their calf muscles were to cramping by using electrical stimulation before, right after, and at two other times after the run. They took blood samples to measure certain substances in the blood.

What they found: When the participants drank spring water, their calf muscles were more likely to cramp after the run. But when they drank ORS, the cramp susceptibility decreased. The levels of some substances in the blood changed differently between the two conditions. Overall, it seems that drinking ORS during exercise can help prevent EAMC.

In simple terms, this study suggests that drinking an oral rehydration solution (ORS) while exercising can reduce the chances of getting muscle cramps, compared to drinking just spring water. So, if you're worried about cramps during exercise, choosing ORS might be a good idea.","Muscle cramps are when your muscles suddenly tighten up and hurt. They can happen when you're exercising, and we call them exercise-associated muscle cramps. There can be many reasons for these cramps, like not drinking enough water and not having the right minerals in your body.

We wanted to find out if drinking different kinds of fluids during exercise would change how likely you are to get muscle cramps. We asked ten men to run downhill in hot weather to make them a little dehydrated. Then, we had them drink either regular spring water or a special solution with minerals (called oral rehydration solution or ORS) to see if it made a difference.

We checked their weight before, during, and after the run to make sure they lost some weight because they were sweating. We also used a small electrical signal to see how easy it was for their leg muscles to cramp before the run and after. We also took their blood to check their salt levels.

Here's what we found: The ability of the leg muscles to cramp was lower after drinking the special ORS solution. This means they were less likely to get cramps. But when they drank regular spring water, they were more likely to get cramps. This tells us that drinking the special ORS solution can help prevent muscle cramps when you exercise.

So, in simple words, if you want to avoid muscle cramps when you work out, it's a good idea to drink the special mineral solution (ORS) instead of plain water. It keeps your muscles from getting too tight and hurting."
"Hyperkalemia is a frequent clinical abnormality in patients with chronic kidney disease, and it is associated with higher risk of mortality and malignant arrhythmias.  Severe hyperkalemia is a medical emergency, which requires immediate therapies, followed by interventions aimed at preventing its recurrence.  Current treatment paradigms for chronic hyperkalemia management are focused on eliminating predisposing factors, such as high potassium intake in diets or supplements, and the use of medications known to raise potassium level.  Among the latter, inhibitors of the renin-angiotensin aldosterone system are some of the most commonly involved medications, and their discontinuation is often the first step taken by clinicians to prevent the recurrence of hyperkalemia.  While this strategy is usually successful, it also deprives patients of the recognized benefits of this class, such as their renoprotective effects.  The development of novel potassium binders has ushered in a new era of hyperkalemia management, with a focus on chronic therapy while magentomaintaining the use of beneficial, but hyperkalemia-inducing medications such as renin-angiotensin aldosterone system inhibitors.  This review article examines the incidence and clinical consequences of hyperkalemia, and its various treatment options, with special emphasis on novel therapeutic agents and the potential benefits of their application.","Hyperkalemia (high blood potassium) is common in those with long-lasting kidney disease. It is linked to higher risk of death and a harmful, irregular heart beat. Severe high blood potassium is serious, requires immediate treatment, and should be actively prevented. Current treatment for high blood potassium includes eliminating potassium in diets, supplements, and medications known to raise potassium. Medication that blocks kidney-related monitoring of blood pressure and electrolyte balance are usually removed by clinicians to prevent the return of high blood potassium. While removing kidney-related medication helps, patients do not receive the kidney-protecting benefits of the medication. New potassium binders have greatly influenced high blood potassium monitoring. They allow the continued use of helpful kidney-related medication that may promote high blood potassium. This article reviews the effects of high blood potassium and its treatment.","Hyperkalemia is a common problem in people with chronic kidney disease, where there's too much potassium in the blood. It can be very dangerous, leading to a higher risk of death and serious heart problems. When hyperkalemia becomes severe, it's a medical emergency and needs immediate treatment.

To manage chronic hyperkalemia, doctors focus on finding and stopping things that raise potassium levels, like certain foods or medications. Some of the common medications that can cause hyperkalemia are those that affect the renin-angiotensin aldosterone system, which plays a role in controlling blood pressure and fluid balance. Doctors often stop these medications to prevent hyperkalemia, but this means losing the benefits they provide for the kidneys.

A new approach to managing hyperkalemia involves using medications called potassium binders, which help remove excess potassium from the body. This allows patients to keep taking their renin-angiotensin aldosterone system medications while managing their hyperkalemia. This article reviews hyperkalemia, its consequences, and different treatment options, with a focus on these new potassium binder drugs and their potential benefits.



","Hyperkalemia, which is when there's too much potassium in the blood, is a common issue in people with chronic kidney disease. It can increase the risk of serious problems like deadly heart rhythms and even death. When hyperkalemia is severe, it's considered a medical emergency and needs immediate treatment. After that, it's important to take steps to stop it from happening again.

Current treatments for managing chronic hyperkalemia mostly involve getting rid of things that make it worse, like eating foods high in potassium or taking certain medications that can raise potassium levels. One group of medications often stopped by doctors to prevent hyperkalemia is the ones that affect the renin-angiotensin aldosterone system. However, stopping these medications can also take away their benefits, like protecting the kidneys.

There are new treatments called potassium binders that are changing how we manage hyperkalemia. These medicines help control potassium levels in the long term, so people can keep taking their medications that are good for their kidneys without worrying about hyperkalemia.

In this review article, the authors look at how often hyperkalemia happens and what it can do to you. They also talk about different ways to treat it, especially the new medicines and how they might help people with chronic kidney disease.","Hyperkalemia is a common problem in people with kidney disease. It means there's too much potassium in the blood, and it can be dangerous, leading to a higher risk of death and heart problems. When it's really bad, it's an emergency, and we need to treat it right away. After that, we have to work on stopping it from happening again.

Right now, the main way we treat high potassium is by changing the things that cause it, like eating foods with a lot of potassium or taking certain medications. Some of these medications help the heart and kidneys but can also raise potassium levels. So, doctors often stop them to avoid high potassium, but that means patients miss out on the good things these medications do.

Now, we have new medicines that can help lower potassium and still let patients benefit from those good medications. This review looks at how common high potassium is, what it can do to your health, and the different ways we can treat it. We especially talk about these new medicines and how they might be helpful."
"New recommendations for the classification and diagnosis of diabetes mellitus include the preferred use of the terms ""type 1"" and ""type 2"" instead of ""IDDM"" and ""NIDDM"" to designate the two major types of diabetes mellitus; simplification of the diagnostic criteria for diabetes mellitus to two abnormal fasting plasma determinations; and a lower cutoff for fasting plasma glucose (126 mg per dL [7 mmol per L] or higher) to confirm the diagnosis of diabetes mellitus. These changes provide an easier and more reliable means of diagnosing persons at risk of complications from hyperglycemia. Currently, only one half of the people who have diabetes mellitus have been diagnosed. Screening for diabetes mellitus should begin at 45 years of age and should be repeated every three years in persons without risk factors, and should begin earlier and be repeated more often in those with risk factors. Risk factors include obesity, first-degree relatives with diabetes mellitus, hypertension, hypertriglyceridemia or previous evidence of impaired glucose homeostasis. Earlier detection of diabetes mellitus may lead to tighter control of blood glucose levels and a reduction in the severity of complications associated with this disease.","New recommendations for classifying diabetes mellitus include using ""type 1"" and ""type 2"" instead of ""IDDM"" and ""NIDDM"" to identify the two major types of diabetes mellitus; simplifying the criteria for identifying diabetes mellitus to two unusual fasting blood scores; and a lower cutoff for fasting plasma glucose or blood sugar. These changes help improve identification of those at risk from effects of high blood sugar. Currently, only half of those with diabetes mellitus have been identified. Testing for diabetes mellitus should begin at 45 years of age and be repeated every three years in those without health risks. Testing should begin earlier and more often for those with health risks. Health risks include obesity, first-degree relatives with diabetes, high blood pressure, high blood fat, or prior signs of blood sugar imbalance. Earlier detection of diabetes mellitus may improve blood sugar control and health issues from the disease.","The new guidelines for classifying and diagnosing diabetes mellitus suggest using simpler terms like ""type 1"" and ""type 2"" instead of ""IDDM"" and ""NIDDM"" to describe the two main types of diabetes. They also make it easier to diagnose diabetes by using just two abnormal fasting blood sugar tests. To confirm diabetes, a lower cutoff for fasting blood sugar (126 mg per dL [7 mmol per L] or higher) is now recommended.

These changes make it easier to identify people at risk of problems caused by high blood sugar. Currently, only half of the people with diabetes know they have it. To screen for diabetes, it's recommended to start at age 45 and repeat the screening every three years for people without risk factors. If you have risk factors like being overweight, having family members with diabetes, high blood pressure, high triglycerides, or previous signs of blood sugar problems, you should start screening earlier and do it more often.

Finding diabetes earlier can help better control blood sugar and reduce the severity of complications related to this disease.","New guidelines for classifying and diagnosing diabetes mellitus have been updated. Instead of using terms like ""IDDM"" and ""NIDDM,"" it's now recommended to use ""type 1"" and ""type 2"" to describe the two main types of diabetes. The diagnostic criteria for diabetes have been simplified to rely on two abnormal fasting plasma glucose measurements, with a lower cutoff of 126 mg per dL (7 mmol per L) to confirm the diagnosis. These changes make it easier and more reliable to identify individuals at risk of complications from high blood sugar levels.

Currently, only half of people with diabetes have been diagnosed. To improve early detection, screening for diabetes should start at age 45 and be repeated every three years for individuals without risk factors. For those with risk factors such as obesity, family history of diabetes, high blood pressure, high triglyceride levels, or previous signs of glucose problems, screening should begin earlier and be done more frequently. Finding diabetes earlier can help achieve better control of blood sugar levels and reduce the severity of complications associated with the disease.","There are new guidelines for how we talk about and diagnose diabetes. Instead of saying ""IDDM"" and ""NIDDM,"" we now use ""type 1"" and ""type 2"" diabetes. This makes it easier to understand.

To check if someone has diabetes, we only need two blood sugar tests when they haven't eaten for a while. If the second test shows their blood sugar is 126 milligrams per deciliter or higher, we say they have diabetes.

These changes make it simpler to find out if someone is at risk of problems from high blood sugar. Right now, only half of the people with diabetes know they have it.

If you're 45 years old and don't have any special risk factors, you should get checked for diabetes every three years. But if you have things like being overweight, family members with diabetes, high blood pressure, high triglycerides, or past issues with blood sugar, you should get tested sooner and more often.

Finding diabetes earlier can help keep blood sugar in check and lower the chance of serious problems from the disease."
"Objective: To describe the historical refinements, understanding of physiology and clinical outcomes observed with thyroid hormone replacement strategies. Methods: A Medline search was initiated using the search terms, levothyroxine, thyroid hormone history, levothyroxine mono therapy, thyroid hormone replacement, combination LT4 therapy, levothyroxine Bioequivalence. Pertinent articles of interest were identified by title and where available abstract for further review. Additional references were identified in the course of review of the literature identified. Results: Physicians have intervened in cases of thyroid dysfunction for more than two millennia. Ingestion of animal thyroid derived preparations has been long described but only scientifically documented for the last 130 years. Refinements in hormone preparation, pharmaceutical production and regulation continue to this day. The literature provides documentation of physiologic, pathologic and clinical outcomes which have been reported and continuously updated. Recommendations for effective and safe use of these hormones for reversal of patho-physiology associated with hypothyroidism and the relief of symptoms of hypothyroidism has documented a progressive refinement in our understanding of thyroid hormone use. Studies of thyroid hormone metabolism, action and pharmacokinetics have allowed evermore focused recommendations for use in clinical practice. Levothyroxine mono-therapy has emerged as the therapy of choice of all recent major guidelines. Conclusions: The evolution of thyroid hormone therapies has been significant over an extended period of time. Thyroid hormone replacement is very useful in the treatment of those with hypothyroidism. All of the most recent guidelines of major endocrine societies recommend levothyroxine mono-therapy for first line use in hypothyroidism.","Our objective is to summarize the history, understanding of how they work, and patient health changes seen with thyroid hormone replacement treatments. We searched Medline using the search terms, levothyroxine, thyroid hormone history, levothyroxine mono therapy, thyroid hormone replacement, combination LT4 therapy, levothyroxine Bioequivalence. Both levothyroxine and LT4 are synthetic thryoid hormones. We identified important papers by title and abstract to look at more closely when possible. We found more references while reading the important papers. Doctors have treated overactive and underactive thyroids for more than 2000 years. Taking forms of medicine that come from animal thyroid glands has been described for a long time but only written about in scientific papers for the last 130 years. Improvements in hormone medication preparation, drug production and drug laws continue to this day. Normal body function, disease, and patient health effects are described and updated regularly in scientific papers. Using these hormones to successfully and safely undo changes to body function and improve other symptoms of an underactive thyroid shows our improved understanding of their use. Better patient care has resulted from studies of thyroid hormone metabolism, how it works, and what the body does to it. The use of a single drug, levothyroxine, has become the top thyroid medicine based on recent major guidelines. Thyroid hormone treatments have been developed over a long time period. Thyroid hormone replacement is very useful in treating an underactive thyroid. Levothyroxine is widely accepted as the first treatment for an underactive thyroid.","This text discusses the history, development, and use of thyroid hormone replacement strategies. Here's a simplified summary:

Doctors have been treating thyroid problems for more than 2,000 years. They used to prescribe animal thyroid-based treatments, but it's only been scientifically studied for the past 130 years. Over time, there have been improvements in how these hormones are made and regulated.

Research has shown how these hormones affect our bodies, both when they're lacking (hypothyroidism) and how they can relieve related symptoms. This understanding has led to better recommendations for using thyroid hormones in medical practice.

Today, the most commonly recommended treatment for hypothyroidism is a medication called levothyroxine. It's taken as a single therapy and is considered the best choice according to recent guidelines from major medical organizations.

In summary, thyroid hormone replacement has evolved significantly over time, and it's a valuable treatment for hypothyroidism. The current preference is to use levothyroxine as the primary therapy, as advised by major medical guidelines.","Objective: This article aims to provide an overview of the historical developments, our growing understanding of thyroid hormone physiology, and the clinical outcomes associated with thyroid hormone replacement strategies.

Methods: We conducted a comprehensive search on Medline using various search terms related to thyroid hormone replacement, including levothyroxine, thyroid hormone history, levothyroxine monotherapy, combination LT4 therapy, and levothyroxine bioequivalence. We identified relevant articles based on their titles and abstracts and further reviewed them. We also found additional references during our literature review.

Results: For over two thousand years, physicians have been addressing thyroid dysfunction. The use of thyroid preparations derived from animals has been described historically and scientifically for the last 130 years. Advances in hormone preparation, pharmaceutical production, and regulation are ongoing. The literature offers insights into the physiological, pathological, and clinical outcomes associated with thyroid hormone replacement, which have been continuously updated. Recommendations for the effective and safe use of these hormones to treat hypothyroidism and relieve its symptoms have evolved over time. Research on thyroid hormone metabolism, actions, and pharmacokinetics has led to more precise recommendations for clinical practice. Levothyroxine monotherapy has emerged as the preferred treatment, as indicated by recent guidelines.

Conclusions: The development of thyroid hormone therapies has been a significant and ongoing process over a long period. Thyroid hormone replacement is highly effective for treating hypothyroidism. Most recent guidelines from major endocrine societies recommend levothyroxine monotherapy as the primary treatment for hypothyroidism.



","This article discusses the history and science behind treating thyroid problems and how it has evolved over time.

For more than 2,000 years, doctors have been dealing with thyroid issues. They used to use thyroid medicine from animals, and they've been studying it for about 130 years. As time has passed, we've gotten better at making thyroid medicine and understanding how it works. We've learned a lot about how to safely use these hormones to treat problems like an underactive thyroid and the symptoms that come with it.

We now prefer to use a medication called levothyroxine by itself to treat thyroid problems. This is based on recent guidelines from experts in the field.

In summary, the way we treat thyroid issues has a long history, and we've made a lot of progress. Using thyroid hormones is a very effective way to help people with an underactive thyroid feel better. Today, most experts recommend a medicine called levothyroxine as the main treatment for this condition."
"The chemical structure of a neuroleptic does not relaibly predict the exact profile of its therapeutic action. We considered the question whether the biochemical action of a neuroleptic, and specifically the ratio between DA-receptor block and NA-receptor block, might have a higher predictive value in this respect. In this context we carried out a double-blind study of the therapeutic value of clozapine and perphenazine in acute psychoses of varying symptomatology and aetiology. There are strong indications that clozapine has only a slight inhibitory effect on transmission in central DA-ergic neurons, but markedly inhibits transmission in central NA-ergic neurons, and that the reverse applies to perphenazine. In view of these data we expected perphenazine to be a stronger antipsychotic and a weaker sedative than clozapine, and vice versa. The plausibility of this hypothesis was demonstrated. Partly also on the basis of earlier research, we concluded that the biochemical action of a neuroleptic is a more faithful predictor of its therapeutic action profile than the chemical structure.","The chemical structure (arrangement of chemical bonds between atoms in a molecule) of drugs used to treat psychotic disorders does not reliably predict how well the treatment works. We looked into whether the biological and chemical changes made to the body by a drug to treat psychotic disorders might better predict how well the treatment works. We did a study of how well antipsychotics clozapine and perphenazine treat short-term impaired relationships with reality with varying symptoms and causes. Data suggest that clozapine and perphenazine have opposite effects on two types of neurons or brain cells. We thought that perphenazine would be a stronger drug to treat impaired relationships with reality and a weaker sedative than clozapine, and vice versa. This assumption proved reasonable. Partly based on earlier research, we concluded that the biological and chemical changes to the body made by a drug used to treat psychotic disorders better predicts how well the treatment works than the arrangement of chemical bonds between atoms in a molecule.","The chemical structure of a neuroleptic drug doesn't reliably tell us how it will work for treating specific conditions. We wondered if we could better predict a neuroleptic's effectiveness by looking at how it affects certain brain receptors, specifically the dopamine (DA) and norepinephrine (NA) receptors.

So, we conducted a study where we compared the therapeutic effects of clozapine and perphenazine in people with different types of acute psychoses. It turns out that clozapine has a minor impact on dopamine receptors but strongly affects norepinephrine receptors in the brain. On the other hand, perphenazine has the opposite effect, affecting dopamine receptors more than norepinephrine receptors.

Based on this information, we expected that perphenazine would be a more powerful antipsychotic but less sedating compared to clozapine, and the results supported this hypothesis. Additionally, previous research also supported the idea that a neuroleptic's biochemical action in the brain is a better indicator of its therapeutic effects than its chemical structure.","The chemical structure of a neuroleptic medication doesn't reliably tell us exactly how it will work in treating psychiatric conditions. To address this, researchers explored whether the biochemical action of a neuroleptic, specifically the balance between its effects on dopamine (DA) and norepinephrine (NA) receptors, could better predict its therapeutic effectiveness.

In a double-blind study, they tested the therapeutic value of clozapine and perphenazine in people with acute psychoses that had different symptoms and causes. It was observed that clozapine had a mild impact on blocking transmission in central DA-ergic neurons but strongly inhibited transmission in central NA-ergic neurons. In contrast, perphenazine had the opposite effect.

Based on these findings, researchers expected perphenazine to be a more potent antipsychotic and less sedating compared to clozapine, and vice versa. This hypothesis turned out to be plausible and supported by the study's results.

Overall, this research suggests that the biochemical actions of neuroleptic medications are better indicators of their therapeutic effects than their chemical structures alone. This insight can help guide the selection of appropriate medications for specific psychiatric conditions.","When it comes to medications that help with mental health problems, we can't always predict how well they'll work based on their chemical makeup. Instead, we looked at the way these medicines affect specific brain receptors, which are like little gates in the brain.

In our study, we compared two medicines, clozapine and perphenazine, to see how well they worked for different kinds of mental health issues. We found that clozapine has a milder effect on one type of brain receptor (the DA-receptor) and a stronger effect on another type (the NA-receptor). On the other hand, perphenazine does the opposite.

Based on this, we expected that perphenazine would be better at treating certain mental health problems and less likely to make people feel drowsy compared to clozapine. Our study confirmed that this idea was right.

So, what we learned is that looking at how these medicines affect the brain's receptors can help us figure out which one might work better for certain mental health issues, even if they have similar chemical structures."
"Management of 242 foreign bodies of the upper gastrointestinal tract are reported. Thirty-nine were in the pharynx, 181 in the esophagus, 19 in the stomach, and 3 in the small bowel. The flexible panendoscope was used 211 times (87.2%) to manage these foreign bodies, while the rigid esophagoscope was used 12 times (5.0%). Two hundred thirty-nine foreign bodies (98.8%) were successfully managed endoscopically. The surgery rate was 0.4%. There was no morbidity or mortality. Twenty-five percent of the cases were done under general endotracheal anesthesia. Coins in the esophagus are removed promptly if in the cervical or mid esophagus, and within 12 hours if in the distal esophagus. Once in the stomach, they will usually pass without difficulty. Meat impaction resulting in an obstructed esophagus is an urgent problem and the bolus should be removed within hours. Sharp and pointed foreign bodies can be very difficult to manage. Dry runs with a reproduction of the foreign body are essential to successful removal. Button batteries lodged in the esophagus represent an emergency and should be removed without delay. Once in the stomach, they will usually pass through the gastrointestinal tract without difficulty. The forward-viewing flexible panendoscope has become the instrument of choice in managing foreign bodies in most tertiary medical centers as well as in the community hospitals.","We reported removal of 242 objects that shouldn't be eaten which were stuck in the mouth, throat, esophagus, stomach, and upper part of the small intestine. Thirty-nine objects that shouldn't be eaten were located in the throat, 181 in the esophagus, 19 in the stomach, and 3 in the small intestine. A flexible, telescoping tube with a camera was used 211 times (87.2%) to treat these objects, while the stiff, inflexible tube with a camera was used 12 times (5.0%). Two hundred thirty-nine objects that shouldn't be eaten (98.8%) were successfully removed by putting a long, thin tube directly into the body. 0.4% of people had surgery to remove the object that shouldn't be eaten. Nobody had an illness or died. Twenty-five percent of the cases required people to be put in a sleep-like state with a breathing tube. Coins in the esophagus are removed quickly if they are in the uppermost or mid esophagus, and within 12 hours if in the lower esophagus. If coins makes it to the stomach, they are usually passed easily. Meat that gets stuck and blocks the esophagus is an urgent problem, and the blockage should be removed within hours. Sharp and pointed objects can be hard to remove. Practicing with a similar object is very important. Button batteries in the esophagus are an emergency and should be removed immediately. If button batteries make it to the stomach, they are usually passed easily. A new kind of flexible, telescoping tube with a camera has become the tool to treat objects that shouldn't be eaten in most specialized medical centers and community hospitals.","This text discusses the management of foreign bodies in the upper digestive system. Here's a simplified summary:

A total of 242 foreign bodies were found in the upper digestive tract. They were located in different areas: 39 in the throat, 181 in the esophagus, 19 in the stomach, and 3 in the small intestine.

Doctors used a flexible panendoscope in 87.2% of cases and a rigid esophagoscope in 5% to remove these foreign objects. In almost all cases (98.8%), they were successfully removed using endoscopy, and surgery was needed in only 0.4% of cases. Fortunately, there were no complications or deaths.

Here are some guidelines they followed:

Coins in the throat or upper esophagus were removed quickly.
Meat causing an esophageal blockage needed urgent removal.
Sharp or pointed objects could be challenging to remove, and careful planning was essential.
Button batteries stuck in the esophagus were considered emergencies and removed right away. If they reached the stomach, they usually passed through the digestive system without issues.
Overall, the flexible panendoscope became the preferred tool for removing foreign bodies in many hospitals, both large and small.","This report discusses the management of 242 cases involving foreign bodies in the upper gastrointestinal tract. These foreign bodies were located in different areas: 39 in the pharynx, 181 in the esophagus, 19 in the stomach, and 3 in the small bowel.

Doctors primarily used a flexible panendoscope in 87.2% of cases and a rigid esophagoscope in 5% of cases to handle these foreign objects. Remarkably, 98.8% of the foreign bodies were successfully managed through endoscopic procedures, and only 0.4% required surgery. Fortunately, there were no complications or deaths associated with these procedures.

For specific cases, like coins in the esophagus, prompt removal was essential, especially if they were located in the cervical or mid esophagus. Meat impactions causing esophageal blockage were considered urgent and needed removal within hours. Sharp or pointed foreign bodies posed particular challenges and required careful planning, often involving practice runs with a replica of the foreign object.

Button batteries lodged in the esophagus were treated as emergencies and required immediate removal. However, once in the stomach, they usually passed through the digestive system without issues.

In managing foreign bodies, the forward-viewing flexible panendoscope has become the preferred tool in both tertiary medical centers and community hospitals. This report highlights the effectiveness of endoscopic methods in safely dealing with foreign objects in the upper gastrointestinal tract.","We've dealt with 242 cases of people swallowing things they shouldn't have. These items got stuck in different parts of the upper digestive system. Some were in the throat, some in the food pipe (esophagus), a few in the stomach, and a couple in the small intestine.

To get these things out, we mostly used a flexible tool called a panendoscope. It's like a bendy tube with a camera. Sometimes, we needed a more rigid tool called an esophagoscope. We successfully got rid of almost all of these foreign objects using these tools, and only a tiny number of people needed surgery.

The good news is that there were no complications or deaths during these procedures. Some cases required the patient to be asleep with a breathing tube, while others didn't.

When someone swallows a coin, we remove it quickly if it's high in the throat or middle of the food pipe. If it's in the lower part of the food pipe, we still remove it within 12 hours. Coins in the stomach usually pass through on their own.

Now, if a piece of meat gets stuck in the food pipe and blocks it, that's a serious problem, and we must remove it within hours. Sharp objects can be tricky to take out, and practicing with a model helps us do it safely.

If someone swallows a button battery, it's an emergency, and we need to remove it right away. But if it reaches the stomach, it usually passes through without any issues.

In most advanced medical centers and even smaller hospitals, we prefer to use the flexible panendoscope to remove these foreign objects. It's a safe and effective method."